,,Q1 (25th),Median,Q3 (75th),0,1
Numerical,Total_years_of_practice,3.0,6.0,10.0,,
Numerical,Colleague_num,2.0,5.0,11.0,,
Categorical,Location,,,,0.8723404255319149,0.1276595744680851
Categorical,Gender,,,,0.39361702127659576,0.6063829787234043
Categorical,Practice_type,,,,0.5425531914893617,0.4574468085106383
Categorical,Race_white,,,,0.43617021276595747,0.5638297872340425
Categorical,Treat_site_Breast,,,,0.9148936170212766,0.0851063829787234
Categorical,Academic_affiliation,,,,0.5212765957446809,0.4787234042553192
Categorical,Colleague_presence,,,,0.19148936170212766,0.8085106382978723
